product,Z,A1,A2,B,C,D1,D2,E
乡意浓江西丰城大米,丰城富硒大米在电商平台的竞争品主要来自江西省宜春市奉新县以及黑龙江省五常市、江西省井冈山市等地。,由于丰城富硒大米品牌知名度与竞品相比竞争力较弱（比如，电商平台“富硒大米”搜索结果展示不够靠前） ，而在未来1周两者都呈现上涨趋势，丰城富硒大米的价格涨幅更大，因此短期可以通过参与电商平台促销活动或者设置店铺优惠等方式进行促销，以降低涨幅过大带来的劣势；当然长期来看则是树立品牌意识，靠质量和品牌实现高价销售，通过突出硒元素的保健属性以及丰城富硒大米“硒含量高”和“天然富硒”的特点，以体现其品质优势。,由于丰城富硒大米品牌知名度与竞品相比竞争力较弱（比如，电商平台“富硒大米”搜索结果展示不够靠前），而在未来1周两者都呈现上涨趋势，竞品价格涨幅更大，因此丰城富硒大米可以保持价格上涨走势，由此便可以在与竞品保持相对价格优势的同时增加销量，以获得更多利润。,若产量和库存允许，近期可以采取措施为产品获取更多电商平台流量，比如优化商品名称以提高自然搜索流量、利用淘宝直通车和电商平台官方活动（店内活动、淘宝直播等）和站外活动（如社群运营活动）进行推广引流，争取在短期内提高销量 。同时密切关注行业最新动向，注意控制成本（种植成本、供应链成本等）。,在成本可控、利润可接受的情况下，可于近期参与电商平台的促销活动（如秒杀、会员专享价、品类活动日等），在获取电商平台流量加持的同时跟随竞品价格，保持价格竞争力。 ,丰城富硒大米和竞品的主要差异体现在“硒含量高”和“天然富硒”两方面 。未来1周两者都呈现下跌趋势，丰城富硒大米跌幅更大，因此可利用这一机会为产品进行推广引流，比如优化商品名称以提高自然搜索流量、参与电商平台官方活动（如淘宝直通车、店内活动等），进行站外推广活动（如社群运营推广）。由此借助低价和流量加持增强用户心智，打响“富硒大米”的名号，提高富硒大米品牌知名度。 ,竞品跌幅更大，对丰城富硒大米的销售造成一定的冲击，因此商家应采取提升产品品牌形象实现差异化竞争  。,市场总体稳定，请继续密切关注市场动向。
巢湖中垾番茄,巢湖中垾番茄在电商平台的竞争品主要来自陕西省泾阳市、四川攀枝花市、新疆吐鲁番以及山东等地。,由于巢湖中垾番茄品牌知名度与竞品相比竞争力较弱（比如，电商平台“番茄”搜索结果展示不够靠前），在未来1周两者都呈现上涨趋势，巢湖中垾番茄的价格涨幅更大，综合以上两点，短期内需要采取有力的措施，例如，可以花费一定的推广费用使得产品在电商平台上的曝光率增加。通过参与电商平台促销活动或者店铺内设置优惠券和买够即送的优惠方式进行促销，才能降低涨幅过大带来的劣势；当然长期来看则是要树立品牌意识，经常性在电商平台进行直播，与消费者进行互动，向消费者讲解中垾番茄的独特性和品质优势以及生产种植的正规流程，展示中垾番茄的种植条件让消费者对于中垾番茄有进一步的认知和认可，靠质量和品牌实现高价销售。,由于巢湖中垾番茄品牌知名度与竞品相比竞争力较弱（比如，电商平台“番茄”搜索结果展示不够靠前），而在未来1周两者都呈现上涨趋势，竞品价格涨幅更大，因此巢湖中垾番茄可以保持价格上涨走势，花费一定的推广费用使得产品在电商平台上的曝光率增加。由此便可以在与竞品保持相对价格优势的同时增加销量，以获得更多利润。,设定中垾番茄的品牌日，在当日进行品牌活动吸引消费者参与，强化消费者对于中垾番茄的品牌印象；由于番茄的保存期比较短，所以大部分消费者一次性很难购买数量较大的产品，因此设置会员制就非常必要，根据购买量累加进行会员积分，达到一定的积分可获取一定的优惠；店铺内设定团购/拼单活动可以吸引消费者将产品链接分享给朋友一起购买，达到一定数量可赠送产品或赠品等，争取在短期内提高销量。同时密切关注行业最新动向，注意控制成本（种植成本、供应链成本等）。,在成本可控、利润可接受的情况下，花费一定的推广费用使得产品在电商平台上的曝光率；增加可于近期参与电商平台的促销活动（如秒杀、会员专享价、品类活动日等）；店铺内发放优惠券；提供送礼选项配合精美包装，满足部分消费者想要送礼的需求。在获取电商平台流量加持的同时跟随竞品价格，保持价格竞争力。,未来1周两者都呈现下跌趋势，巢湖中垾番茄跌幅更大，因此可利用这一机会为产品进行推广引流，比如优化商品名称以提高自然搜索流量、参与电商平台官方活动（如淘宝直通车、店内活动等）；进行站外推广活动（如社群运营推广）；与相应需要高质量番茄的高档酒店合作，提升中垾番茄的品牌形象。借助低价和流量加持增强用户心智，打响“中垾番茄”的名号，提高巢湖中垾番茄品牌知名度。,竞品跌幅更大，对巢湖中垾番茄的销售造成一定的冲击，因此商家应采取提升产品品牌形象实现差异化竞争。,市场总体稳定，请继续密切关注市场动向。
仙桃香米,湖北仙桃洪茂春春红米在电商平台的竞争品主要来自江西省宜春市奉新县以及黑龙江省五常市、江西省井冈山市等地。,由于湖北仙桃洪茂春春红米相比竞品具有完整产业链的精准把控，以及10年老品牌的口碑优势，而在未来1周两者都呈现上涨趋势，湖北仙桃洪茂春春红米的价格涨幅更大，因此短期可以通过参与电商平台促销活动或者设置店铺优惠等方式进行促销，以降低涨幅过大带来的劣势；当然长期来看则是树立品牌意识，靠质量和品牌实现高价销售，着重突出供应链成熟，好口碑好品牌的优势。,由于湖北仙桃洪茂春春红米相比于竞品在品牌口碑积累上优势更大，而在未来1周两者都呈现上涨趋势，竞品价格涨幅更大，因此湖北仙桃洪茂春春红米可以保持价格上涨走势，由此便可以在与竞品保持相对价格优势的同时增加销量，以获得更多利润。,若产量和库存允许，近期可以采取措施为产品获取更多电商平台流量，比如优化商品名称以提高自然搜索流量、利用淘宝直通车和电商平台官方活动（店内活动、淘宝直播等）和站外活动（如社群运营活动）进行推广引流，争取在短期内提高销量。同时密切关注行业最新动向，注意控制成本（种植成本、供应链成本等）。,在成本可控、利润可接受的情况下，可于近期参与电商平台的促销活动（如秒杀、会员专享价、品类活动日等），在获取电商平台流量加持的同时跟随竞品价格，保持价格竞争力。,湖北仙桃洪茂春春红米和竞品的主要差异体现在完整供应链以及品牌口碑积累上，而在未来1周两者都呈现下跌趋势，湖北仙桃洪茂春春红米跌幅更大，因此可利用这一机会加大宣传力度，比如优化商品名称以提高自然搜索流量、参与电商平台官方活动（如淘宝直通车、店内活动等），进行站外推广活动（如社群运营推广）。由此借助低价和流量加持增强用户心智打响“洪茂春春红米”的品牌名号，提高湖北仙桃洪茂春春红米品牌知名度。,竞品跌幅更大，对湖北仙桃洪茂春春红米的销售造成一定的冲击，因此商家应采取提升产品品牌形象实现差异化竞争。,市场总体稳定，请继续密切关注市场动向。
万年贡蟹田丝苗米,江西万年贡蟹田丝苗米在电商平台的竞争品主要来自江西省宜春市奉新县以及黑龙江省五常市、江西省井冈山市等地。,江西万年贡蟹田丝苗米蟹稻共生的独特栽种方式，相比竞品有绿色自然，味道醇香的优势，且丝苗米品质较高，但品牌知名度上竞争力较弱（比如，电商平台“蟹田丝苗米”搜索结果中江西万年贡蟹田丝苗米展示不够靠前）。未来1周江西万年贡蟹田丝苗米和竞品的价格都呈现上涨趋势，江西万年贡蟹田丝苗米的价格涨幅更大，因此短期可以通过参与电商平台促销活动或者设置店铺优惠等方式进行促销，以降低涨幅过大带来的劣势；当然长期来看则是树立品牌意识，靠质量和品牌实现高价销售，着重突出蟹稻共养的绿色生态模式，强调丝苗米的口感优势，以及江西万年贡企业弘扬稻作文化的品牌理念，以体现其品质优势。,由于江西万年贡蟹田丝苗米和竞品在品牌口碑上有蟹稻共养，绿色自然的优势，但品牌知名度上竞争力较弱（比如，电商平台“蟹田丝苗米”搜索结果中江西万年贡蟹田丝苗米展示不够靠前）。未来1周江西万年贡蟹田丝苗米和竞品的价格都呈现上涨趋势，竞品价格涨幅更大，因此江西万年贡蟹田丝苗米可以保持价格上涨走势，由此便可以在与竞品保持相对价格优势的同时增加销量，以获得更多利润。,若产量和库存允许，近期可以采取措施为产品获取更多电商平台流量，比如优化商品名称以提高自然搜索流量、利用淘宝直通车和电商平台官方活动（店内活动、淘宝直播等）和站外活动（如社群运营活动）进行推广引流，争取在短期内提高销量。同时密切关注行业最新动向，注意控制成本（种植成本、供应链成本等）。 ,在成本可控、利润可接受的情况下，可于近期参与电商平台的促销活动（如秒杀、会员专享价、品类活动日等），在获取电商平台流量加持的同时跟随竞品价格，保持价格竞争力。,江西万年贡蟹田丝苗米和竞品的主要差异体现在“蟹稻共养”这一绿色生态模式，丝苗米的优秀品质，以及产地江西万年作为世界稻作文化发源地上，而在未来1周两者都呈现下跌趋势，江西万年贡蟹田丝苗米跌幅更大，因此可利用这一机会加大宣传力度，比如优化商品名称以提高自然搜索流量、参与电商平台官方活动（如淘宝直通车、店内活动等），进行站外推广活动（如社群运营推广）。打响“蟹田丝苗米”的名号，提高江西万年贡蟹田丝苗米品牌知名度。,竞品跌幅更大，对江西万年贡蟹田丝苗米的销售造成一定的冲击，因此商家应采取提升产品品牌形象实现差异化竞争。,市场总体稳定，请继续密切关注市场动向。
千岁好有机山茶油,万年山茶油在电商平台的竞争品主要来自江西省南昌市、广西河池巴马瑶族自治县、湖南省衡阳市等地。,由于万年山茶油品牌知名度与竞品相比竞争力较弱（比如，电商平台“山茶油”搜索结果展示不够靠前）。未来1周万年山茶油和竞品的价格都呈现上涨趋势，且万年山茶油的价格涨幅更大，因此短期可以通过参与电商平台促销活动或者设置店铺优惠（如产品捆绑销售优惠、店内会员卡等）方式进行促销，以降低涨幅过大带来的劣势；当然长期来看则是树立品牌意识，靠质量和品牌拉拢忠实用户，在多个平台建立官方自媒体账号，突出宣传江西万年山茶油历史悠久以及明朝皇帝朱元璋与江西山茶油的历史典故，联合打造万年山茶油的品质和品牌优势。,万年山茶油品牌知名度与竞品相比竞争力较弱（比如电商平台“山茶油”搜索结果中万年山茶油展示不够靠前）。未来1周万年山茶油和竞品的价格都呈现上涨趋势，竞品价格涨幅更大，因此万年山茶油可以保持价格上涨走势，适当推出一些如购买达量优惠的促销活动，并可附赠茶枯和茶壳等附属产品，由此便可以在与竞品保持相对价格优势的同时增加销量，以获得更多利润。,若产量、库存以及资金允许，近期可以采取多项措施为产品获取更多电商平台流量，比如优化商品名称以提高自然搜索流量、参与电商平台官方活动（店内促销活动、淘宝直播等），在站外组织社群运营活动如油类健康品鉴大会，与短视频平台主播合作进行直播带货等进行推广引流，争取在短期内提高销量与品牌知名度。同时密切关注山茶油行业的最新动向，注意控制成本（产品成本、供应链成本等）。,"在成本可控、利润可接受的情况下，可于近期参与电商平台的促销活动（如秒杀、会员专享价、品类活动日等），在获取电商平台流量加持的同时跟随竞品价格，保持价格竞争力。
如果近期没有促销活动来降低价格，可以选择打造品牌形象，注重宣传万年山茶油的差异化优势，如获得专利的包装、国家认证的品质，塑造良好的品牌形象。此外，可以选择与相关农业视频博主如李子柒等进行商业合作，通过视频宣传万年山茶油偏高端品牌形象，以获得更好的品牌口碑和品牌知名度。",万年山茶油相对竞品的优势体现在种植历史悠久以及“健康环保”两方面。未来1周两者价格都呈现下跌趋势，而万年山茶油跌幅更大，因此可利用这一机会为产品进行推广引流，比如优化商品名称以提高自然搜索流量、参与电商平台官方促销活动，联系知名主播如小杨哥等进行低价促销直播带货等，借助低价和流量加持增强用户心智，提升销售转化率，并提高万年山茶油的知名度。,竞品跌幅更大，对万年山茶油的销售造成一定的冲击，因此商家应注重品牌质量方面，提升产品品牌形象实现差异化竞争，例如与农业纪录片等节目合作，联合政府打造山茶油的品牌历史故事等。,市场总体稳定，请继续密切关注山茶油市场动向。并注重产品自身提升（育种品质、加工质量等）和产品相关的优化（如产品包装、产品介绍，店铺包装、售后服务等），在非价格方面获得差异化优势。
巢湖稻虾米,安徽巢湖稻虾米在电商平台的竞争品主要来自江西省宜春市奉新县以及黑龙江省五常市、江西省井冈山市等地。,安徽巢湖稻虾米虾稻共生的独特栽种方式，相比竞品有绿色自然，味道醇香的优势，但其品牌知名度与竞品相比竞争力较弱（比如，电商平台“稻虾米”搜索结果展示不够靠前）。在未来1周两者都呈现上涨趋势，安徽巢湖稻虾米的价格涨幅更大，因此短期可以通过参与电商平台促销活动或者设置店铺优惠等方式进行促销，以降低涨幅过大带来的劣势；当然长期来看则是树立品牌意识，靠质量和品牌实现高价销售，着重突出虾稻共养的绿色生态模式，强调纯天然大米的口感优势，以及安徽巢湖的虾稻米种植配套的完善栽种设施，以体现其品质优势。,由于安徽巢湖稻虾米和竞品在品牌口碑上有虾稻共养，绿色自然的优势，但其品牌知名度与竞品相比竞争力较弱（比如，电商平台“稻虾米”搜索结果展示不够靠前）。在未来1周两者都呈现上涨趋势，竞品价格涨幅更大，因此安徽巢湖稻虾米可以保持价格上涨走势，由此便可以在与竞品保持相对价格优势的同时增加销量，以获得更多利润。,若产量和库存允许，近期可以采取措施为产品获取更多电商平台流量，比如优化商品名称以提高自然搜索流量、利用淘宝直通车和电商平台官方活动（店内活动、淘宝直播等）和站外活动（如社群运营活动）进行推广引流，争取在短期内提高销量。同时密切关注行业最新动向，注意控制成本（种植成本、供应链成本等）。,在成本可控、利润可接受的情况下，可于近期参与电商平台的促销活动（如秒杀、会员专享价、品类活动日等），在获取电商平台流量加持的同时跟随竞品价格，保持价格竞争力。,安徽巢湖稻虾米和竞品的主要差异体现在“虾稻共养”这一绿色生态模式和完善的配套设施上，而在未来1周两者都呈现下跌趋势，安徽巢湖稻虾米跌幅更大，因此可利用这一机会为产品进行推广引流，比如优化商品名称以提高自然搜索流量、参与电商平台官方活动（如淘宝直通车、店内活动等），进行站外推广活动（如社群运营推广）。由此借助低价和流量加持增强用户心智，打响“安徽巢湖稻虾米”的名号，提高稻虾米品牌知名度。,竞品跌幅更大，对安徽巢湖稻虾米的销售造成一定的冲击，因此商家应采取提升产品品牌形象实现差异化竞争。,市场总体稳定，请继续密切关注市场动向。
江西新鲜脚板薯,丰城脚板薯在电商平台的竞争品主要来自江西省赣州市、广东省肇庆市、广西省玉林市等地。,由于丰城脚板薯品牌知名度与竞品相比竞争力较弱（比如，电商平台“脚板薯”搜索结果展示不够靠前）。未来1周丰城脚板薯和竞品的价格都呈现上涨趋势，且丰城脚板薯的价格涨幅更大，因此短期可以通过参与电商平台促销活动或者设置店铺优惠（如商家优惠券等）方式进行促销，以降低涨幅过大带来的劣势；但长期来看则是需要打造品牌，现如今大多数脚板薯销售商家属于农户自产自销，没有形成完善的品牌意识，农户自销的产品质量在电商平台上没有太大区别，导致消费者很难关注销量少的店铺。可以咨询专业人员，打造丰城脚板薯品牌，建立官方自媒体，树立品牌意识，创造品牌故事，通过突出丰城脚板薯营养健康，绿色新鲜的特点，体现其品质优势。,丰城脚板薯品牌知名度与竞品相比竞争力较弱（比如，电商平台“脚板薯”搜索结果中丰城脚板薯展示不够靠前）。未来1周丰城脚板薯和竞品的价格都呈现上涨趋势，竞品价格涨幅更大，因此丰城脚板薯可以保持价格上涨走势，适当推出一些购买达量优惠的促销活动，如买三斤送一斤，由此便可以在与竞品保持相对价格优势的同时增加销量，以获得更多利润并且有效提升丰城脚板薯知名度。,"若产量、库存以及资金允许，近期可以采取大量措施为产品获取更多电商平台流量，比如优化商品名称以提高自然搜索流量、参与电商平台官方活动（店内促销活动、淘宝直播等）、站外运营活动如开展脚板薯主题美食比赛、联系合适的主播如华农兄弟进行直播带货等进行推广引流，争取在短期内提高销量与品牌知名度。
    若资金等有一定困难，可以选择在这种情况下，酌情选择上述一项活动进行深入，把握机会获得更高的销量和知名度。同时密切关注脚板薯行业的最新动向，注意控制成本（产品成本、供应链成本等）。","在成本可控、利润可接受的情况下，可于近期参与电商平台的促销活动（如秒杀、会员专享价、品类活动日等），在获取电商平台流量加持的同时跟随竞品价格，保持价格竞争力。
如果近期没有促销活动来降低价格，可以选择打造品牌形象，可以模仿如三只松鼠打造丰城脚板薯拟人化品牌形象，结合丰城脚板薯营养健康，绿色新鲜的特点，塑造良好的品牌形象，用品牌吸引更多消费者。同时可以结合线上线下，开展线下体验式种植采摘及美食品尝活动，让消费者近距离体验丰城脚板薯的绿色健康，提高品牌知名度。",丰城脚板薯和竞品相比还没有特别突出的差异化优势。未来1周两者价格都呈现下跌趋势，而丰城脚板薯跌幅更大，因此可利用这一机会为产品进行推广引流，比如优化商品名称以提高自然搜索流量、参与电商平台官方促销活动，或进行站外推广活动（如社群运营推广、直播带货等）。由此借助低价和流量加持增强用户心智，提高丰城脚板薯的销量和知名度。,竞品跌幅更大，对丰城脚板薯的销售造成一定的冲击，因此商家应着重打造产品品牌形象，突出品牌优势，实现差异化竞争。,市场总体稳定，请继续密切关注脚板薯市场动向。并注重产品自身提升（育种品质、种植方式等）和产品相关的优化（如产品包装，产品介绍，店铺界面包装、售后服务等），在非价格方面获得差异化优势。
奉新大米,奉新大米在电商平台的竞争品主要来自江西省万年县、黑龙江省五常市、江西省井冈山市等地。,奉新大米具有全国农产品地理标志的认证，在品质上有一定的竞争力，但品牌知名度上竞争力较弱（比如，电商平台“大米”搜索结果中奉新大米展示不够靠前）。未来1周奉新大米和竞品的价格都呈现上涨趋势，且奉新大米的价格涨幅更大，因此短期可以通过参与电商平台促销活动或者设置店铺优惠等方式进行促销，以降低涨幅过大带来的劣势；当然长期来看则是树立品牌意识，靠质量和品牌实现高价销售，通过突出奉新大米历史悠久以及全国农产品地理标志等特点，体现其品质优势。,奉新大米具有全国农产品地理标志的认证，在品质上有一定的竞争力，但品牌知名度上竞争力较弱（比如，电商平台“大米”搜索结果中奉新大米展示不够靠前）。未来1周奉新大米和竞品的价格都呈现上涨趋势，竞品价格涨幅更大，因此奉新大米可以保持价格上涨走势，由此便可以在与竞品保持相对价格优势的同时增加销量，以获得更多利润。,若产量和库存允许，近期可以采取措施为产品获取更多电商平台流量，比如优化商品名称以提高自然搜索流量、利用淘宝直通车和电商平台官方活动（店内活动、淘宝直播等）和站外活动（如社群运营活动）进行推广引流，争取在短期内提高销量。同时密切关注行业最新动向，注意控制成本（种植成本、供应链成本等）。,在成本可控、利润可接受的情况下，可于近期参与电商平台的促销活动（如秒杀、会员专享价、品类活动日等），在获取电商平台流量加持的同时跟随竞品价格，保持价格竞争力。,奉新大米相对竞品的优势体现在种植历史悠久以及“全国农产品地理标志”两方面。未来1周两者价格都呈现下跌趋势，而奉新大米跌幅更大，因此可利用这一机会为产品进行推广引流，比如优化商品名称以提高自然搜索流量、参与电商平台官方活动（如淘宝直通车、店内活动等），进行站外推广活动（如社群运营推广）。由此借助低价和流量加持增强用户心智，提高奉新大米品牌知名度。,竞品跌幅更大，对奉新大米的销售造成一定的冲击，因此商家应采取提升产品品牌形象实现差异化竞争。,市场总体稳定，请继续密切关注市场动向。
江西奉新猕猴桃,奉新猕猴桃在电商平台的竞争品主要来自四川省、贵州省修文县、陕西省等地。,奉新猕猴桃作为奉新特产全国闻名，在品质和品牌知名度上有一定的竞争力。未来1周奉新猕猴桃和竞品的价格都呈现上涨趋势，且奉新猕猴桃的价格涨幅更大，因此短期可以通过参与电商平台促销活动或者设置店铺优惠等方式进行促销，以降低涨幅过大带来的劣势；推出精美礼品装，满足部分消费者的送礼需求；当然长期来看则是树立品牌意识，经常性在电商平台进行直播，与消费者进行互动，向消费者讲解上奉新猕猴桃的独特性和品质优势以及种植采摘的正规流程，展示奉新猕猴桃的生长环境让消费者对于奉新猕猴桃有进一步的认知和认可，靠质量和品牌实现高价销售。,奉新猕猴桃作为奉新特产全国闻名，在品质和品牌知名度上有一定的竞争力。未来1周奉新猕猴桃和竞品的价格都呈现上涨趋势，竞品价格涨幅更大，因此奉新猕猴桃要保持价格相比竞品处于优势地位，同时花费一定的推广费用使得产品在电商平台上的曝光率增加，以增加销量，获得更多利润。,设定奉新猕猴桃的品牌日，在当日进行品牌活动吸引消费者参与；由于猕猴桃的保存期比较短，所以大部分消费者一次性很难购买数量较大的产品，因此设置会员制就非常必要，根据购买量累加进行会员积分，达到一定的积分可兑换一定量的产品或赠品；店铺内设定团购/拼单活动可以吸引消费者将产品链接分享给朋友一起购买，达到一定数量可赠送产品或赠品等，争取在短期内提高销量。同时密切关注行业最新动向，注意控制成本（种植成本、供应链成本等）。,在成本可控、利润可接受的情况下，花费一定的推广费用使得产品在电商平台上的曝光率；增加可于近期参与电商平台的促销活动（如秒杀、会员专享价、品类活动日等）；店铺内发放优惠券；提供送礼选项配合精美包装，满足部分消费者想要送礼的需求。在获取电商平台流量加持的同时跟随竞品价格，保持价格竞争力。,未来1周两者价格都呈现下跌趋势，而奉新猕猴桃跌幅更大，因此可利用这一机会为产品进行推广引流，比如优化商品名称以提高自然搜索流量、参与电商平台官方活动（如淘宝直通车、店内活动等），进行站外推广活动（如社群运营推广）。由此借助低价和流量加持增强用户心智，提高奉新猕猴桃品牌知名度。,竞品跌幅更大，对奉新猕猴桃的销售造成一定的冲击，因此商家应采取提升产品品牌形象实现差异化竞争。,市场总体稳定，请继续密切关注市场动向。
吉田井冈山1号香粘大米,井冈山大米在电商平台的竞争品主要来自江西省奉新县、江西省万年县、黑龙江省五常市等地。,井冈山大米背靠江西井冈山粮油集团有限公司，在规模化运作下具有一定的品牌实力。未来1周井冈山大米和竞品的价格都呈现上涨趋势，且井冈山大米的价格涨幅更大，因此短期可以通过参与电商平台促销活动或者设置店铺优惠等方式进行促销，以降低涨幅过大带来的劣势；当然长期来看则是树立品牌意识，靠质量和品牌实现高价销售，通过突出井冈山大米历史悠久以及全国农产品地理标志等特点，体现其品质优势。,井冈山大米背靠江西井冈山粮油集团有限公司，在规模化运作下具有一定的品牌实力。未来1周井冈山大米和竞品的价格都呈现上涨趋势，竞品价格涨幅更大，因此井冈山大米可以保持价格上涨走势，由此便可以在与竞品保持相对价格优势的同时增加销量，以获得更多利润。,若产量和库存允许，近期可以采取措施为产品获取更多电商平台流量，比如优化商品名称以提高自然搜索流量、利用淘宝直通车和电商平台官方活动（店内活动、淘宝直播等）和站外活动（如社群运营活动）进行推广引流，争取在短期内提高销量。同时密切关注行业最新动向，注意控制成本（种植成本、供应链成本等）。,在成本可控、利润可接受的情况下，可于近期参与电商平台的促销活动（如秒杀、会员专享价、品类活动日等），在获取电商平台流量加持的同时跟随竞品价格，保持价格竞争力。,井冈山大米与竞品相比米粒细长，淀粉低更易消化。未来1周两者价格都呈现下跌趋势，而井冈山大米跌幅更大，因此可利用这一机会为产品进行推广引流，比如优化商品名称以提高自然搜索流量、参与电商平台官方活动（如淘宝直通车、店内活动等），进行站外推广活动（如社群运营推广）。由此借助低价和流量加持增强用户心智，提高井冈山大米品牌知名度。,竞品跌幅更大，对井冈山大米的销售造成一定的冲击，因此商家应采取提升产品品牌形象实现差异化竞争。,市场总体稳定，请继续密切关注市场动向。
江西井冈山蜜柚,江西井冈蜜柚在电商平台的竞争品主要来自福建漳州、广西容县、福建度尾、广东梅州等地。,蜜柚最为著名的产地多分布于福建、广东两省；江西井冈蜜柚知名度与竞品相比竞争力较弱，而在未来1周两者都呈现上涨趋势，井冈蜜柚的价格涨幅更大，因此短期可以通过参与电商平台促销活动或者设置店铺优惠等方式进行促销，以降低涨幅过大带来的劣势；长期而言则需要增强产地属性记忆点，并靠质量实现高价销售，例如通过突出井冈蜜柚产地井冈山的革命性质以及革命历史故事突出其品牌故事和品质优势，加强井冈山作为蜜柚产地的印象。此外，江西赣南脐橙闻名全国，可借助其话题打造江西果业三宝，搭配组合产品售卖，带动井冈蜜柚的话题热度。,由于江西井冈蜜柚品牌知名度与竞品相比竞争力较弱，而在未来1周两者都呈现上涨趋势，竞品价格涨幅更大，因此井冈蜜柚可以保持价格上涨走势，由此便可以在与竞品保持相对价格优势的同时增加销量，以获得更多利润。同时在借助价格优势增加销量的同时，借助产品包装传播井冈山蜜柚的产地故事，从而增强消费者心中井冈山作为蜜柚产地的属性。,若产量和库存允许，近期可以采取措施为产品获取更多电商平台流量，比如优化商品名称以提高自然搜索流量（例如结合革命故事命名、借助江西知名特产赣南脐橙的话题打造江西果业三宝的组合产品）、利用淘宝直通车和电商平台官方活动和站外活动（如井冈山蜜柚园探访革命精神等当地线上直播+线下活动）进行推广引流，争取在短期内提高销量。同时密切关注行业最新动向，注意控制成本。,在成本可控、利润可接受的情况下，可于近期参与电商平台的促销活动，在获取电商平台流量加持的同时跟随竞品价格，保持价格竞争力。和江西赣南脐橙等其他水果特产组合售卖，弱化单一品类的价格，以此减少价格竞争带来的劣势。,井冈蜜柚和竞品的主要差异体现在“产地品牌”，产地井冈山的风景和革命故事成为其关键记忆点。未来1周两者都呈现下跌趋势，井冈蜜柚跌幅更大，因此可利用这一机会为产品进行推广引流，比如优化商品名称结合产地井冈山的革命故事和革命精神以提高自然搜索流量、参与电商平台官方活动，进行站外推广活动（如举办革命精神主题的井冈山当地活动）。由此借助低价和流量加持增强用户心智，打响“井冈蜜柚”的名号，提升井冈蜜柚品牌和产地知名度。,竞品跌幅更大，对井冈蜜柚的销售造成一定的冲击，因此商家应采取提升产品品牌形象实现差异化竞争，例如增强包装或电商平台视觉设计中革命精神等红色元素，增强其产地知名度，加入革命精神的品牌故事实现差异化。,市场总体稳定，请继续密切关注市场动向。
上高富硒大米,上高富硒大米在电商平台的竞争品主要来自江西省丰城市以及江西省奉新县、江西省井冈山市等地。,虽然上高富硒大米已有品牌，但品牌知名度与竞品相比竞争力较弱（比如，电商平台“富硒大米”搜索结果展示不够靠前）。在未来1周上高富硒大米和竞品都呈现上涨趋势，上高富硒大米的价格涨幅更大，因此短期可以通过参与电商平台促销活动或者设置店铺优惠等方式进行促销，以降低涨幅过大带来的劣势；当然长期来看则是树立品牌意识，靠质量和品牌实现高价销售，通过突出硒元素的保健属性以及“上高特色富硒农产品特产”等概念体现其优势,由于上高富硒大米品牌知名度与竞品相比竞争力较弱（比如，电商平台“富硒大米”搜索结果展示不够靠前），而在未来1周两者都呈现上涨趋势，竞品价格涨幅更大，因此上高富硒大米可以保持价格上涨走势，由此便可以在与竞品保持相对价格优势的同时增加销量，以获得更多利润。,若产量和库存允许，近期可以采取措施为产品获取更多电商平台流量，比如优化商品名称以提高自然搜索流量、利用淘宝直通车和电商平台官方活动（店内活动、淘宝直播等）和站外活动（如社群运营活动）进行推广引流，争取在短期内提高销量。同时密切关注行业最新动向，注意控制成本（种植成本、供应链成本等）。,在成本可控、利润可接受的情况下，可于近期参与电商平台的促销活动（如秒杀、会员专享价、品类活动日等），在获取电商平台流量加持的同时跟随竞品价格，保持价格竞争力。,上高富硒大米和竞品相比还没有特别突出的差异化优势。未来1周两者都呈现下跌趋势，上高富硒大米跌幅更大，因此可利用这一机会为产品进行推广引流，比如优化商品名称以提高自然搜索流量、参与电商平台官方活动（如淘宝直通车、店内活动等），进行站外推广活动（如社群运营推广）。由此借助低价和流量加持增强用户心智，打响“上高富硒大米”、“宜春富硒产业”的名号，在宜春富硒产业政策的扶持下提高富硒大米品牌知名度。,竞品跌幅更大，对上高富硒大米的销售造成一定的冲击，因此商家应采取提升产品品牌形象实现差异化竞争。,市场总体稳定，请继续密切关注市场动向。
宜春上高富硒皇菊,,,,,,,,
永新红辣椒干,江西永新红辣椒干在电商平台的竞争品主要来自陕西宝鸡、重庆石柱、新疆沙湾、河南、湖南等地。,由于干辣椒作为调味品，消费者用量需求相对较小，而在未来1周两者都呈现上涨趋势，江西永新红辣椒干的价格涨幅更大，因此短期可以通过参与电商平台促销活动或者设置店铺优惠等方式进行促销，以降低涨幅过大带来的劣势；长期来看，消费者对于干辣椒的购买选择往往取决于辣度、香味和产地印象；江西永新红辣椒干口味纯正、但江西永新作为原产地对比竞品的产地印象较弱，消费者对于“辣”的产地倾向往往集中于四川、湖南、陕西等地，因此长期来看通过强化江西本地菜品辣度、江西老表等产地元素来强化其品牌效应和品质优势。,由于江西永新红辣椒干品牌知名度与竞品相比竞争力较弱（比如，电商平台“干辣椒”搜索结果展示不够靠前），而在未来1周两者都呈现上涨趋势，竞品价格涨幅更大，因此江西永新红辣椒干可以保持价格上涨走势，同时可以搭配多种品类如辣椒粉、辣椒段等初级加工品，增加单品销量，由此便可以在与竞品保持相对价格优势的同时增加销量，以获得更多利润。,若产量和库存允许，近期可以采取措施为产品获取更多电商平台流量，比如发起吃辣挑战等相关话题，以提高自然搜索流量提升江西红辣椒的辣度印象、利用电商平台和其他社交媒体平台的直播功能，以“江西美食离不开江西辣椒”作为切入点，通过在直播中打造江西菜谱、直播教做江西菜等方式以美食带动江西红辣椒干的知名度，争取在短期内提高销量。同时密切关注行业最新动向，注意控制成本（原材料种植成本、存储成本等）。,在成本可控、利润可接受的情况下，可于近期参与电商平台的促销活动（如秒杀、会员专享价、品类活动日等），在获取电商平台流量加持的同时跟随竞品价格，保持价格竞争力。同时可以搭配多种品类如辣椒粉、辣椒段等初级加工品，搭配其他调味品组合售卖，弱化干辣椒的单品价格。,永新红辣椒干和竞品的主要差异体现在“香味浓厚”和“不易上火”两方面。未来1周两者都呈现下跌趋势，永新红辣椒干跌幅更大，因此可利用这一机会为产品进行推广引流，比如优化商品名称加入“江西老表”、“江西人吃辣挑战”等元素来提高自然搜索流量、参与电商平台官方活动（如淘宝直通车、店内活动等），进行站外推广活动（如社群运营推广）。由此借助低价和流量加持增强用户心智，强化江西永新辣椒的产地印象，打响“永新红辣椒干”的名号，提高江西永新红辣椒干品牌知名度。,竞品跌幅更大，对永新红辣椒干的销售造成一定的冲击，因此商家应强化永新红辣椒干好吃不上火的属性，突出江西红辣椒的独特风味和种植环境，形成独有的品牌形象实现差异化竞争。另外可以基于江西特色菜的菜谱搭配半成品材料包，培养消费者对江西菜的口味习惯，强调江西辣椒干的独特风味，打造基于江西菜风味的售卖模式，实现差异化。,市场总体稳定，请继续密切关注市场动向。
永新酱姜,江西永新酱姜在电商平台的竞争品主要来自山东、安徽铜陵等地。,由于江西永新酱姜知名度与竞品相比竞争力较弱，且姜制品口味不是人人喜爱故酱姜消费群体较小，而在未来1周两者都呈现上涨趋势，江西酱姜的价格涨幅更大，因此短期可以在有购买记录的消费者社群内进行促销活动，通过酱姜的活跃消费群体带动销量，降低涨幅过大带来的劣势；同时，长期而言，则需要建立品牌意识拉新促活，一方面靠质量和品牌概念实现高价销售，另一方面靠活跃社群扩大消费群体增加销量。由于姜制品口味辛辣并非适合大众口味，因此树立品牌概念时一方面应突出永新酱姜的悠久历史，强化“明代皇家贡品”的地位，另一方面应强调永新酱姜入食调理脾胃的养生属性，以此拉动新的消费群体。,由于江西永新酱姜品牌知名度与竞品相比竞争力较弱，而在未来1周两者都呈现上涨趋势，竞品价格涨幅更大，因此永新酱姜可以保持价格上涨走势，由此便可以在与竞品保持相对价格优势的同时增加销量，以获得更多利润。同时树立品牌制作工艺传统、工序复杂等形象，进一步强化价格竞争力。,若产量和库存允许，近期可以采取措施为产品获取更多电商平台流量，比如和其他养生类产品捆绑售卖，构建养生食疗体系强调酱姜调理脾胃的养生功效；寻求其他社交媒体平台（如抖音、微博、小红书等）的中医养生类、生活健康类博主合作，打造酱姜养生的话题；与养生类食品品牌构建合作打造全新食疗菜谱等，争取在短期内提高销量。同时密切关注行业最新动向，注意控制成本（原材料种植成本、运输成本等）。,在成本可控、利润可接受的情况下，可于近期参与电商平台的促销活动（如秒杀、会员专享价、品类活动日等），在获取电商平台流量加持的同时跟随竞品价格，保持价格竞争力。另外可与高价养生食材搭配出售，如搭配养生鸡汤材料包，弱化酱姜单品的价格，同时塑造酱姜养生理念，从而减少价格上涨带来的劣势。此外，可以拍摄酱姜制作工艺相关视频于电商平台和其他社交媒体平台传播，发起“古法酱姜，皇家养生”等话题，体现酱姜制作的传统手法和复杂工序，打造酱姜高端养生产品的形象，以实现高价销售。,永新酱姜和竞品的主要差异体现在“历史悠久”和“表面盖有白霜”的外表特征两方面。未来1周两者都呈现下跌趋势，永新酱姜跌幅更大，因此可利用这一机会为产品进行推广引流，比如塑造酱姜养生理念以及酱姜自明朝起作为贡品的地位突出记忆点，以时下关注热点“养生”来提高自然搜索流量，进行站外推广活动（如酱姜制作挑战等活动）。另外相比于其他竞品，永新酱姜表面有白霜的外表特征可以清晰地区分酱姜品种及做法不同，可以借此以“传统工艺”、“工序复杂”树立酱姜品牌形象，由此借助低价和流量加持增强用户心智，打响“永新酱姜”的名号，提高酱姜品牌知名度。,竞品跌幅更大，对江西永新酱姜的销售造成一定的冲击，因此商家应强化永新酱姜制作工艺复杂的印象，实现差异化竞争。,市场总体稳定，请继续密切关注市场动向。
四川屏山炒青特级,四川屏山炒青绿茶在电商平台的竞争品主要来自贵州都匀、浙江湖州、安徽黄山等地。,茶艺是中国传统文化，世人爱茶，对精品茶叶的品鉴和评价数不胜数，因此消费者购买茶叶是多关注中国十大名茶的名气（如洞庭碧螺春、黄山毛峰等），而屏山炒青知名度较低与竞品相比竞争力较弱，在未来1周两者都呈现上涨趋势，屏山炒青绿茶的价格涨幅更大，因此短期可以通过参与电商平台促销活动或者设置店铺优惠等方式进行促销，以降低涨幅过大带来的劣势；长期来看需要提升屏山绿茶的名气，宣传屏山自汉代开始植茶产茶，利用历史悠久和高山产地的属性树立屏山炒青的品牌形象，可举办品鉴会、茶艺展览等线下活动优化其品质优势。,由于四川屏山炒青绿茶品牌知名度与竞品相比竞争力较弱，而在未来1周两者都呈现上涨趋势，竞品价格涨幅更大，因此屏山炒青绿茶可以保持价格上涨走势，同时在品牌概念中增加其种植历史悠久、高山茶的保健属性，体现其质优价廉，由此便可以在与竞品保持相对价格优势的同时增加销量，以获得更多利润。,若产量和库存允许，近期可以采取措施为产品获取更多电商平台流量，比如优化商品名称以提高自然搜索流量、拍摄产地宣传片展现屏山美景并在产品包装上增加屏山风景以加强产地记忆点，争取在短期内提高销量。此外，屏山炒青是四川十大名茶之一，是全国农产品地理标识，基于这两点可以树立屏山炒青浓香醇爽、质优价廉的品牌形象，提升屏山绿茶的名气以增加销量。同时密切关注行业最新动向，注意控制成本（种植成本、供应链成本等）。,在成本可控、利润可接受的情况下，可于近期参与电商平台的促销活动，在获取电商平台流量加持的同时跟随竞品价格，保持价格竞争力。另外，可以结合屏山其他水果类特产，打造花果茶组合，增加品类搭配；屏山当地另有竹簧、竹雕等手工艺产品，可以借由特色手工艺打造精品包装，以此增加其传统、精致的高端线品牌形象。,屏山炒青绿茶和竞品的主要差异体现在“高山种植”。未来1周两者都呈现下跌趋势，屏山炒青绿茶跌幅更大，因此可利用这一机会为产品进行推广引流，比如优化商品名称结合屏山炒青绿茶历史故事、种植传统、高山环境等以提高自然搜索流量；屏山地域历史悠久可以追溯到春秋时期，可以打造以屏山不同历史时期风貌为主题的包装，打造屏山炒青拟人形象，传播茶艺文化和屏山历史，以此打造话题热点。借助低价和流量加持增强用户心智，打响“屏山炒青绿茶”的名号，提高屏山炒青绿茶品牌知名度。,竞品跌幅更大，对屏山炒青绿茶的销售造成一定的冲击，因此商家应采取提升产品品牌形象实现差异化竞争，例如在包装上增加当地特色竹制品工艺。,市场总体稳定，请继续密切关注市场动向。
四川宜宾屏山茵红李,四川宜宾屏山茵红李在电商平台的竞争品主要来自重庆巫山、广东茂名、福建、贵州镇宁蜂等地等地。,由于四川宜宾屏山茵红李具有一定知名度，且种植规模较大受到当地政府支持，辅以旅游业的特产宣传，回购率较高，电商平台的中的搜索位次较为靠前，但由于竞品较多且热销期短，市场竞争较大。在未来1周两者都呈现上涨趋势，且宜宾屏山茵红李的价格涨幅更大，因此短期可以通过参与电商平台促销活动或者设置店铺优惠等方式进行促销，以降低涨幅过大带来的劣势；长期来看则是树立品牌意识，靠质量和品牌实现高价销售，例如借茵红李半边红的果实外表特征凸显品种特色，加强记忆点，也可以结合哪吒的历史故事寻求包装文创联动，带动产品品牌建设；同时借助政府支持和当地旅游业联动推广。,由于四川宜宾屏山茵红李有一定知名度，但李子市场热销期短，在未来1周两者都呈现上涨趋势，竞品价格涨幅更大，因此宜宾屏山茵红李可以保持价格上涨走势，由此便可以在与竞品保持相对价格优势的同时增加销量，以获得更多利润。,若产量和库存允许，近期可以采取措施为产品获取更多电商平台流量，比如寻求文创联动，茵红李采摘基地活动直播等方式以提高自然搜索流量，例如联动当地旅游采摘园，增强茵红李的消费者粘性，打造线下采摘活动和线上售卖运送的一体式服务进行推广引流，争取在短期内提高销量。同时密切关注行业最新动向，注意控制成本（种植成本、存储运输成本等）。,在成本可控、利润可接受的情况下，可与当地政府、农户联合打造农家采摘活动，活动不仅提供李子采摘、更有农家风光和当地特色活动；另外也可打造农家无污染蔬果礼包，以此弱化李子的价格上涨并提升了产地知名度增加消费者粘性。同时可于近期参与电商平台的促销活动，在获取电商平台流量加持的同时跟随竞品价格，保持价格竞争力。同时突出茵红李口感清脆、优选品质、新鲜运输等元素，树立高品质、优选产品的品牌形象，以实现高价销售。,四川宜宾屏山茵红李和竞品的主要差异体现在“果实半边红”的外表特征。未来1周两者都呈现下跌趋势，宜宾屏山茵红李跌幅更大，因此可利用这一机会为产品进行推广引流，比如和当地政府举办的茵红李品鉴会进行合作，直播互动增加话题讨论度以提高自然搜索流量、加强包装、平台设计中半边红的视觉概念以增强记忆点，同时进行站外推广活动（例如同当地旅行社合作）。由此借助低价和流量加持增强用户心智，提高茵红李品牌知名度。,竞品跌幅更大，对宜宾屏山茵红李的销售造成一定的冲击，因此商家可以采用预定配送的模式，允许消费者订购未来一月分量并根据个人意愿提供分批配送服务，保证每周的茵红李新鲜现摘，以高品质、新鲜运输和订购服务实现差异化竞争。,市场总体稳定，请继续密切关注市场动向。
